Element,C,H,O,N,P
M,12,1.007825032,15.99491462,14.003074,30.973762
